<?xml version='1.0' encoding='UTF-8'?>
<taxonomyPackage xmlns="http://xbrl.org/2016/taxonomy-package" xml:lang="en-US">
  <identifier>http://treasury.gov/DATAAct/daims_v1.1_2017-06-30/taxonomy-package</identifier>
  <name>DAIMS taxonomy</name>
  <description>DATA Act Information Model Schema (DAIMS) is a government-wide data standard for reporting federal spending data for public use. DAIMS data elements report how federal dollars are spent.</description>
  <version>1.01</version>
  <publisher>U.S. Department of the Treasury</publisher>
  <publisherURL>https://fedspendingtransparency.github.io</publisherURL>
  <publisherCountry>US</publisherCountry>
  <publicationDate>2017-06-30</publicationDate>
  <entryPoints>
    <entryPoint>
      <name>DAIMS</name>
      <entryPointDocument href="http://treasury.gov/DATAAct/daims_v1.1_2017-06-30/daims_core_v1.1_2017-06-30.xsd"/>
      <languages>
        <language>en-US</language>
      </languages>
    </entryPoint>
  </entryPoints>
</taxonomyPackage>

