<?xml version='1.0' encoding='UTF-8'?>
<taxonomyPackage xmlns="http://xbrl.org/2016/taxonomy-package" xml:lang="en-US">
  <identifier>http://treasury.gov/DATAAct/daims_v1.2_2017-12-22/taxonomy-package</identifier>
  <name>DAIMS taxonomy</name>
  <description>DATA Act Information Model Schema (DAIMS) is a government-wide data standard for reporting federal spending data for public use. DAIMS data elements report how federal dollars are spent.</description>
  <version>1.2</version>
  <publisher>U.S. Department of the Treasury</publisher>
  <publisherURL>https://fedspendingtransparency.github.io</publisherURL>
  <publisherCountry>US</publisherCountry>
  <publicationDate>2017-12-22</publicationDate>
  <entryPoints>
    <entryPoint>
      <name>Submission/Extraction Models</name>
      <description>XBRL models of RSS submission and IDD extraction elements.</description>
      <entryPointDocument href="http://treasury.gov/DATAAct/daims_v1.2_2017-12-22/daims_submission_extraction_v1.2_2017-12-22.xsd"/>
      <languages>
        <language>en-US</language>
      </languages>
    </entryPoint>
    <entryPoint>
      <name>Consumption Packages</name>
      <description>XBRL taxonomy for consumption of data in quarterly downloads.</description>
      <entryPointDocument href="http://treasury.gov/DATAAct/daims_v1.2_2017-12-22/daims_consumption_v1.2_2017-12-22.xsd"/>
      <languages>
        <language>en-US</language>
      </languages>
    </entryPoint>
  </entryPoints>
</taxonomyPackage>

