<?xml version='1.0' encoding='UTF-8'?>
<taxonomyPackage xmlns="http://xbrl.org/REC/2016-04-19/taxonomy-package" xml:lang="en">
  <identifier>http://www.xbrl.org/sample-taxonomy/1.0</identifier>
  <name>DAIMS taxonomy</name>
  <description>This is a the DAIMS taxonomy</description>
  <version>1.0.0</version>
  <license href="http://www.xbrl.org/legal" name="Treasury standard licence (?)" />
  <publisher>U.S. Department of the Treasury</publisher>
  <publisherURL>http://www.treasury.gov</publisherURL>
  <publisherCountry>US</publisherCountry>
  <publicationDate>2015-12-31</publicationDate>
  <entryPoints>
    <entryPoint>
      <name>DAIMS</name>
      <entryPointDocument href="http://treasury.gov/DATAAct/daims-20160429.xsd"/>
      <languages>
        <language>en-US</language>
      </languages>
    </entryPoint>
  </entryPoints>
  <!-- use this after we have another version
  <supersededTaxonomyPackages>
    <taxonomyPackageRef>http://www.treasury.gov/lastversion/????</taxonomyPackageRef>
  </supersededTaxonomyPackages>
  -->
  <versioningReports>
    <versioningReport href="http://www.treasury.gov/daims/versioning-report-20160429.xml" />
  </versioningReports>
</taxonomyPackage>

